{
  "project_info": {
    "project_number": "1087956106010",
    "firebase_url": "https://smartbicycle-a6ec5.firebaseio.com",
    "project_id": "smartbicycle-a6ec5",
    "storage_bucket": "smartbicycle-a6ec5.appspot.com"
  },
  "client": [
    {
      "client_info": {
        "mobilesdk_app_id": "1:1087956106010:android:f27c95393e27bfcb710aa3",
        "android_client_info": {
          "package_name": "com.example.smartbicycle"
        }
      },
      "oauth_client": [
        {
          "client_id": "1087956106010-t01n501qbdpi2q3u8sehhj4fr1iviags.apps.googleusercontent.com",
          "client_type": 3
        }
      ],
      "api_key": [
        {
          "current_key": "AIzaSyAzvZZUj_PF7QgrSobnqGrGv028jMb-ifM"
        }
      ],
      "services": {
        "appinvite_service": {
          "other_platform_oauth_client": [
            {
              "client_id": "1087956106010-t01n501qbdpi2q3u8sehhj4fr1iviags.apps.googleusercontent.com",
              "client_type": 3
            }
          ]
        }
      }
    }
  ],
  "configuration_version": "1"
}